virtual_id,market,dataset,variant,pattern,grain,retired_at
1,perp,indexPrice,15m,data/index-klines/linear-swap/daily/{SYMBOL}/15min/{SYMBOL}-15min-{YYYY}-{MM}-{DD}.zip,daily,20260804
2,perp,indexPrice,1d,data/index-klines/linear-swap/daily/{SYMBOL}/1day/{SYMBOL}-1day-{YYYY}-{MM}-{DD}.zip,daily,20260804
3,perp,indexPrice,1m,data/index-klines/linear-swap/daily/{SYMBOL}/1min/{SYMBOL}-1min-{YYYY}-{MM}-{DD}.zip,daily,20260804
4,perp,indexPrice,30m,data/index-klines/linear-swap/daily/{SYMBOL}/30min/{SYMBOL}-30min-{YYYY}-{MM}-{DD}.zip,daily,20260804
5,perp,indexPrice,4h,data/index-klines/linear-swap/daily/{SYMBOL}/4hour/{SYMBOL}-4hour-{YYYY}-{MM}-{DD}.zip,daily,20260804
6,perp,indexPrice,5m,data/index-klines/linear-swap/daily/{SYMBOL}/5min/{SYMBOL}-5min-{YYYY}-{MM}-{DD}.zip,daily,20260804
7,perp,indexPrice,1h,data/index-klines/linear-swap/daily/{SYMBOL}/60min/{SYMBOL}-60min-{YYYY}-{MM}-{DD}.zip,daily,20260804
8,perp,indexPrice,15m,data/index-klines/swap/daily/{SYMBOL}/15min/{SYMBOL}-15min-{YYYY}-{MM}-{DD}.zip,daily,20260804
9,perp,indexPrice,1d,data/index-klines/swap/daily/{SYMBOL}/1day/{SYMBOL}-1day-{YYYY}-{MM}-{DD}.zip,daily,20260804
10,perp,indexPrice,1m,data/index-klines/swap/daily/{SYMBOL}/1min/{SYMBOL}-1min-{YYYY}-{MM}-{DD}.zip,daily,20260804
11,perp,indexPrice,30m,data/index-klines/swap/daily/{SYMBOL}/30min/{SYMBOL}-30min-{YYYY}-{MM}-{DD}.zip,daily,20260804
12,perp,indexPrice,4h,data/index-klines/swap/daily/{SYMBOL}/4hour/{SYMBOL}-4hour-{YYYY}-{MM}-{DD}.zip,daily,20260804
13,perp,indexPrice,5m,data/index-klines/swap/daily/{SYMBOL}/5min/{SYMBOL}-5min-{YYYY}-{MM}-{DD}.zip,daily,20260804
14,perp,indexPrice,1h,data/index-klines/swap/daily/{SYMBOL}/60min/{SYMBOL}-60min-{YYYY}-{MM}-{DD}.zip,daily,20260804
15,future,klines,15m,data/klines/future/daily/{SYMBOL}/15min/{SYMBOL}-15min-{YYYY}-{MM}-{DD}.zip,daily,20260804
16,future,klines,1d,data/klines/future/daily/{SYMBOL}/1day/{SYMBOL}-1day-{YYYY}-{MM}-{DD}.zip,daily,20260804
17,future,klines,1m,data/klines/future/daily/{SYMBOL}/1min/{SYMBOL}-1min-{YYYY}-{MM}-{DD}.zip,daily,20260804
18,future,klines,30m,data/klines/future/daily/{SYMBOL}/30min/{SYMBOL}-30min-{YYYY}-{MM}-{DD}.zip,daily,20260804
19,future,klines,4h,data/klines/future/daily/{SYMBOL}/4hour/{SYMBOL}-4hour-{YYYY}-{MM}-{DD}.zip,daily,20260804
20,future,klines,5m,data/klines/future/daily/{SYMBOL}/5min/{SYMBOL}-5min-{YYYY}-{MM}-{DD}.zip,daily,20260804
21,future,klines,1h,data/klines/future/daily/{SYMBOL}/60min/{SYMBOL}-60min-{YYYY}-{MM}-{DD}.zip,daily,20260804
22,future,klines,15m,data/klines/linear-swap/daily/{SYMBOL}/15min/{SYMBOL}-15min-{YYYY}-{MM}-{DD}.zip,daily,20260804
23,perp,klines,15m,data/klines/linear-swap/daily/{SYMBOL}/15min/{SYMBOL}-15min-{YYYY}-{MM}-{DD}.zip,daily,20260804
24,future,klines,1d,data/klines/linear-swap/daily/{SYMBOL}/1day/{SYMBOL}-1day-{YYYY}-{MM}-{DD}.zip,daily,20260804
25,perp,klines,1d,data/klines/linear-swap/daily/{SYMBOL}/1day/{SYMBOL}-1day-{YYYY}-{MM}-{DD}.zip,daily,20260804
26,future,klines,1m,data/klines/linear-swap/daily/{SYMBOL}/1min/{SYMBOL}-1min-{YYYY}-{MM}-{DD}.zip,daily,20260804
27,perp,klines,1m,data/klines/linear-swap/daily/{SYMBOL}/1min/{SYMBOL}-1min-{YYYY}-{MM}-{DD}.zip,daily,20260804
28,future,klines,30m,data/klines/linear-swap/daily/{SYMBOL}/30min/{SYMBOL}-30min-{YYYY}-{MM}-{DD}.zip,daily,20260804
29,perp,klines,30m,data/klines/linear-swap/daily/{SYMBOL}/30min/{SYMBOL}-30min-{YYYY}-{MM}-{DD}.zip,daily,20260804
30,future,klines,4h,data/klines/linear-swap/daily/{SYMBOL}/4hour/{SYMBOL}-4hour-{YYYY}-{MM}-{DD}.zip,daily,20260804
31,perp,klines,4h,data/klines/linear-swap/daily/{SYMBOL}/4hour/{SYMBOL}-4hour-{YYYY}-{MM}-{DD}.zip,daily,20260804
32,future,klines,5m,data/klines/linear-swap/daily/{SYMBOL}/5min/{SYMBOL}-5min-{YYYY}-{MM}-{DD}.zip,daily,20260804
33,perp,klines,5m,data/klines/linear-swap/daily/{SYMBOL}/5min/{SYMBOL}-5min-{YYYY}-{MM}-{DD}.zip,daily,20260804
34,future,klines,1h,data/klines/linear-swap/daily/{SYMBOL}/60min/{SYMBOL}-60min-{YYYY}-{MM}-{DD}.zip,daily,20260804
35,perp,klines,1h,data/klines/linear-swap/daily/{SYMBOL}/60min/{SYMBOL}-60min-{YYYY}-{MM}-{DD}.zip,daily,20260804
36,option,klines,15m,data/klines/option/daily/{SYMBOL}/15min/{SYMBOL}-15min-{YYYY}-{MM}-{DD}.zip,daily,20260804
37,option,klines,1d,data/klines/option/daily/{SYMBOL}/1day/{SYMBOL}-1day-{YYYY}-{MM}-{DD}.zip,daily,20260804
38,option,klines,1m,data/klines/option/daily/{SYMBOL}/1min/{SYMBOL}-1min-{YYYY}-{MM}-{DD}.zip,daily,20260804
39,option,klines,30m,data/klines/option/daily/{SYMBOL}/30min/{SYMBOL}-30min-{YYYY}-{MM}-{DD}.zip,daily,20260804
40,option,klines,4h,data/klines/option/daily/{SYMBOL}/4hour/{SYMBOL}-4hour-{YYYY}-{MM}-{DD}.zip,daily,20260804
41,option,klines,5m,data/klines/option/daily/{SYMBOL}/5min/{SYMBOL}-5min-{YYYY}-{MM}-{DD}.zip,daily,20260804
42,option,klines,1h,data/klines/option/daily/{SYMBOL}/60min/{SYMBOL}-60min-{YYYY}-{MM}-{DD}.zip,daily,20260804
43,spot,klines,15m,data/klines/spot/daily/{SYMBOL}/15min/{SYMBOL}-15min-{YYYY}-{MM}-{DD}.zip,daily,20260804
44,spot,klines,1d,data/klines/spot/daily/{SYMBOL}/1day/{SYMBOL}-1day-{YYYY}-{MM}-{DD}.zip,daily,20260804
45,spot,klines,1m,data/klines/spot/daily/{SYMBOL}/1min/{SYMBOL}-1min-{YYYY}-{MM}-{DD}.zip,daily,20260804
46,spot,klines,30m,data/klines/spot/daily/{SYMBOL}/30min/{SYMBOL}-30min-{YYYY}-{MM}-{DD}.zip,daily,20260804
47,spot,klines,4h,data/klines/spot/daily/{SYMBOL}/4hour/{SYMBOL}-4hour-{YYYY}-{MM}-{DD}.zip,daily,20260804
48,spot,klines,5m,data/klines/spot/daily/{SYMBOL}/5min/{SYMBOL}-5min-{YYYY}-{MM}-{DD}.zip,daily,20260804
49,spot,klines,1h,data/klines/spot/daily/{SYMBOL}/60min/{SYMBOL}-60min-{YYYY}-{MM}-{DD}.zip,daily,20260804
50,perp,klines,15m,data/klines/swap/daily/{SYMBOL}/15min/{SYMBOL}-15min-{YYYY}-{MM}-{DD}.zip,daily,20260804
51,perp,klines,1d,data/klines/swap/daily/{SYMBOL}/1day/{SYMBOL}-1day-{YYYY}-{MM}-{DD}.zip,daily,20260804
52,perp,klines,1m,data/klines/swap/daily/{SYMBOL}/1min/{SYMBOL}-1min-{YYYY}-{MM}-{DD}.zip,daily,20260804
53,perp,klines,30m,data/klines/swap/daily/{SYMBOL}/30min/{SYMBOL}-30min-{YYYY}-{MM}-{DD}.zip,daily,20260804
54,perp,klines,4h,data/klines/swap/daily/{SYMBOL}/4hour/{SYMBOL}-4hour-{YYYY}-{MM}-{DD}.zip,daily,20260804
55,perp,klines,5m,data/klines/swap/daily/{SYMBOL}/5min/{SYMBOL}-5min-{YYYY}-{MM}-{DD}.zip,daily,20260804
56,perp,klines,1h,data/klines/swap/daily/{SYMBOL}/60min/{SYMBOL}-60min-{YYYY}-{MM}-{DD}.zip,daily,20260804
57,future,markPrice,15m,data/mark-price-klines/future/daily/{SYMBOL}/15min/{SYMBOL}-15min-{YYYY}-{MM}-{DD}.zip,daily,20260804
58,future,markPrice,1d,data/mark-price-klines/future/daily/{SYMBOL}/1day/{SYMBOL}-1day-{YYYY}-{MM}-{DD}.zip,daily,20260804
59,future,markPrice,1m,data/mark-price-klines/future/daily/{SYMBOL}/1min/{SYMBOL}-1min-{YYYY}-{MM}-{DD}.zip,daily,20260804
60,future,markPrice,30m,data/mark-price-klines/future/daily/{SYMBOL}/30min/{SYMBOL}-30min-{YYYY}-{MM}-{DD}.zip,daily,20260804
61,future,markPrice,4h,data/mark-price-klines/future/daily/{SYMBOL}/4hour/{SYMBOL}-4hour-{YYYY}-{MM}-{DD}.zip,daily,20260804
62,future,markPrice,5m,data/mark-price-klines/future/daily/{SYMBOL}/5min/{SYMBOL}-5min-{YYYY}-{MM}-{DD}.zip,daily,20260804
63,future,markPrice,1h,data/mark-price-klines/future/daily/{SYMBOL}/60min/{SYMBOL}-60min-{YYYY}-{MM}-{DD}.zip,daily,20260804
64,future,markPrice,15m,data/mark-price-klines/linear-swap/daily/{SYMBOL}/15min/{SYMBOL}-15min-{YYYY}-{MM}-{DD}.zip,daily,20260804
65,perp,markPrice,15m,data/mark-price-klines/linear-swap/daily/{SYMBOL}/15min/{SYMBOL}-15min-{YYYY}-{MM}-{DD}.zip,daily,20260804
66,future,markPrice,1d,data/mark-price-klines/linear-swap/daily/{SYMBOL}/1day/{SYMBOL}-1day-{YYYY}-{MM}-{DD}.zip,daily,20260804
67,perp,markPrice,1d,data/mark-price-klines/linear-swap/daily/{SYMBOL}/1day/{SYMBOL}-1day-{YYYY}-{MM}-{DD}.zip,daily,20260804
68,future,markPrice,1m,data/mark-price-klines/linear-swap/daily/{SYMBOL}/1min/{SYMBOL}-1min-{YYYY}-{MM}-{DD}.zip,daily,20260804
69,perp,markPrice,1m,data/mark-price-klines/linear-swap/daily/{SYMBOL}/1min/{SYMBOL}-1min-{YYYY}-{MM}-{DD}.zip,daily,20260804
70,future,markPrice,30m,data/mark-price-klines/linear-swap/daily/{SYMBOL}/30min/{SYMBOL}-30min-{YYYY}-{MM}-{DD}.zip,daily,20260804
71,perp,markPrice,30m,data/mark-price-klines/linear-swap/daily/{SYMBOL}/30min/{SYMBOL}-30min-{YYYY}-{MM}-{DD}.zip,daily,20260804
72,future,markPrice,4h,data/mark-price-klines/linear-swap/daily/{SYMBOL}/4hour/{SYMBOL}-4hour-{YYYY}-{MM}-{DD}.zip,daily,20260804
73,perp,markPrice,4h,data/mark-price-klines/linear-swap/daily/{SYMBOL}/4hour/{SYMBOL}-4hour-{YYYY}-{MM}-{DD}.zip,daily,20260804
74,future,markPrice,5m,data/mark-price-klines/linear-swap/daily/{SYMBOL}/5min/{SYMBOL}-5min-{YYYY}-{MM}-{DD}.zip,daily,20260804
75,perp,markPrice,5m,data/mark-price-klines/linear-swap/daily/{SYMBOL}/5min/{SYMBOL}-5min-{YYYY}-{MM}-{DD}.zip,daily,20260804
76,future,markPrice,1h,data/mark-price-klines/linear-swap/daily/{SYMBOL}/60min/{SYMBOL}-60min-{YYYY}-{MM}-{DD}.zip,daily,20260804
77,perp,markPrice,1h,data/mark-price-klines/linear-swap/daily/{SYMBOL}/60min/{SYMBOL}-60min-{YYYY}-{MM}-{DD}.zip,daily,20260804
78,perp,markPrice,15m,data/mark-price-klines/swap/daily/{SYMBOL}/15min/{SYMBOL}-15min-{YYYY}-{MM}-{DD}.zip,daily,20260804
79,perp,markPrice,1d,data/mark-price-klines/swap/daily/{SYMBOL}/1day/{SYMBOL}-1day-{YYYY}-{MM}-{DD}.zip,daily,20260804
80,perp,markPrice,1m,data/mark-price-klines/swap/daily/{SYMBOL}/1min/{SYMBOL}-1min-{YYYY}-{MM}-{DD}.zip,daily,20260804
81,perp,markPrice,30m,data/mark-price-klines/swap/daily/{SYMBOL}/30min/{SYMBOL}-30min-{YYYY}-{MM}-{DD}.zip,daily,20260804
82,perp,markPrice,4h,data/mark-price-klines/swap/daily/{SYMBOL}/4hour/{SYMBOL}-4hour-{YYYY}-{MM}-{DD}.zip,daily,20260804
83,perp,markPrice,5m,data/mark-price-klines/swap/daily/{SYMBOL}/5min/{SYMBOL}-5min-{YYYY}-{MM}-{DD}.zip,daily,20260804
84,perp,markPrice,1h,data/mark-price-klines/swap/daily/{SYMBOL}/60min/{SYMBOL}-60min-{YYYY}-{MM}-{DD}.zip,daily,20260804
85,future,trades,,data/trades/future/daily/{SYMBOL}/{SYMBOL}-trades-{YYYY}-{MM}-{DD}.zip,daily,20260804
86,future,trades,,data/trades/linear-swap/daily/{SYMBOL}/{SYMBOL}-trades-{YYYY}-{MM}-{DD}.zip,daily,20260804
87,perp,trades,,data/trades/linear-swap/daily/{SYMBOL}/{SYMBOL}-trades-{YYYY}-{MM}-{DD}.zip,daily,20260804
88,option,trades,,data/trades/option/daily/{SYMBOL}/{SYMBOL}-trades-{YYYY}-{MM}-{DD}.zip,daily,20260804
89,spot,trades,,data/trades/spot/daily/{SYMBOL}/{SYMBOL}-trades-{YYYY}-{MM}-{DD}.zip,daily,20260804
90,perp,trades,,data/trades/swap/daily/{SYMBOL}/{SYMBOL}-trades-{YYYY}-{MM}-{DD}.zip,daily,20260804
