market,symbol,dataset,kind,transform,date_from,date_to
future,BTCCMZ26,,archiveDir,BTCCM_D2,20260903,
future,ETHCMZ26,,archiveDir,ETHCM_D2,20260903,
perp,1000000MOGUSDT,,archiveDir,1000000MOGUSDT,20260903,
perp,10000NEXUSDT,,archiveDir,10000NEXUSDT,20260903,
perp,1000BONKPERP,,archiveDir,1000BONKPERP,20260903,
perp,1000BONKUSDT,,archiveDir,1000BONKUSDT,20260903,
perp,1000CATUSDT,,archiveDir,1000CATUSDT,20260903,
perp,1000RATSUSDT,,archiveDir,1000RATSUSDT,20260903,
perp,1000SATSUSDT,,archiveDir,1000SATSUSDT,20260903,
perp,1000XECUSDT,,archiveDir,1000XECUSDT,20260903,
perp,AAVEUSD_CM,,archiveDir,AAVECM,20260903,
perp,ADAUSD_CM,,archiveDir,ADACM,20260903,
perp,APTUSD_CM,,archiveDir,APTCM,20260903,
perp,AVAXUSD_CM,,archiveDir,AVAXCM,20260903,
perp,BCHUSD_CM,,archiveDir,BCHCM,20260903,
perp,BTCUSD_CM,,archiveDir,BTCCM,20260903,
perp,CTRUSDT,,archiveDir,CTRNEWUSDT,20260903,
perp,DATAPERP,,archiveDir,IPPERP,20260903,
perp,DATAUSDT,,archiveDir,IPUSDT,20260903,
perp,DOGEUSD_CM,,archiveDir,DOGECM,20260903,
perp,DOTUSD_CM,,archiveDir,DOTCM,20260903,
perp,ETCUSD_CM,,archiveDir,ETCCM,20260903,
perp,ETHUSD_CM,,archiveDir,ETHCM,20260903,
perp,FILUSD_CM,,archiveDir,FILCM,20260903,
perp,GRAMPERP,,archiveDir,TONCOINPERP,20260903,
perp,GRAMUSDT,,archiveDir,TONUSDT,20260903,
perp,HYPEUSD_CM,,archiveDir,HYPECM,20260903,
perp,KAIAUSDT,,archiveDir,KLAYUSDT,20260903,
perp,KATUSDT,,archiveDir,KATNEWUSDT,20260903,
perp,LABUSDT,,archiveDir,LABNEWUSDT,20260903,
perp,LINKUSD_CM,,archiveDir,LINKCM,20260903,
perp,LITUSDT,,archiveDir,LITNEWUSDT,20260903,
perp,LTCUSD_CM,,archiveDir,LTCCM,20260903,
perp,LUNAUSDT,,archiveDir,LUNA2USDT,20260903,
perp,MONUSDT,,archiveDir,MONNEWUSDT,20260903,
perp,NEARUSD_CM,,archiveDir,NEARCM,20260903,
perp,OPENUSDT,,archiveDir,OPENNEWUSDT,20260903,
perp,PROSUSDT,,archiveDir,PROSNEWUSDT,20260903,
perp,PUMPUSDT,,archiveDir,PUMPFUNUSDT,20260903,
perp,REDUSDT,,archiveDir,REDNEWUSDT,20260903,
perp,RUNEUSDT,klines,archiveDir,TRXUSDT,20221117,20221117
perp,SKRUSDT,,archiveDir,SKRNEWUSDT,20260903,
perp,SOLUSD_CM,,archiveDir,SOLCM,20260903,
perp,SOONUSDT,,archiveDir,SOONNEWUSDT,20260903,
perp,SOPHUSDT,,archiveDir,SOPHNEWUSDT,20260903,
perp,SPACEUSDT,,archiveDir,SPACENEWUSDT,20260903,
perp,SUIUSD_CM,,archiveDir,SUICM,20260903,
perp,TAIKOUSDT,,archiveDir,TKOUSDT,20260903,
perp,THEUSDT,,archiveDir,THENAUSDT,20260903,
perp,UNIUSD_CM,,archiveDir,UNICM,20260903,
perp,VELODROMEUSDT,,archiveDir,VELOUSDT,20260903,
perp,XCXUSDT,,archiveDir,XCXUSDT,20260701,
perp,XLMUSD_CM,,archiveDir,XLMCM,20260903,
perp,XRPUSD_CM,,archiveDir,XRPCM,20260903,
perp,ZKUSDT,,archiveDir,ZKSYNCUSDT,20260903,
perp,牛来USDT,,archiveDir,NIULAIUSDT,20260903,
perp,龙虾USDT,,archiveDir,LOBSTERUSDT,20260903,
spot,ACNUSDT,,archiveDir,AITECHACNUSDT,20260903,
spot,AINUSDT,,archiveDir,AINBSCUSDT,20260903,
spot,AIUSDT,,archiveDir,AIGENSYNUSDT,20260903,
spot,ALTUSDT,,archiveDir,$ALTUSDT,20260903,
spot,AXLUSDT,,archiveDir,WAXLUSDT,20260903,
spot,BLUEUSDT,,archiveDir,BLUENEWUSDT,20260903,
spot,BTCU,,archiveDir,BTCUNEW,20260903,
spot,DATAUSDT,,archiveDir,IPUSDT,20260903,
spot,EDENUSDT,,archiveDir,EDENNEWUSDT,20260903,
spot,FUNUSDT,,archiveDir,FUNNEWUSDT,20260903,
spot,GRAMEUR,,archiveDir,TONCOINEUR,20260903,
spot,GRAMUSDC,,archiveDir,TONCOINUSDC,20260903,
spot,GRAMUSDT,,archiveDir,TONCOINUSDT,20260903,
spot,KAIAUSDT,,archiveDir,KLAYUSDT,20260903,
spot,KATUSDT,,archiveDir,KATNEWUSDT,20260903,
spot,LABUSDT,,archiveDir,LABNEWUSDT,20260903,
spot,LITUSDT,,archiveDir,LITNEWUSDT,20260903,
spot,MAXEXCHANGEUSDT,,archiveDir,MAXUSDT,20260903,
spot,MEMEUSDT,,archiveDir,MEMECOINUSDT,20260903,
spot,MONUSDT,,archiveDir,MONNEWUSDT,20260903,
spot,NOMUSDT,,archiveDir,NOMERC20USDT,20260903,
spot,OPENUSDT,,archiveDir,OPENNEWUSDT,20260903,
spot,PRIMEUSDT,,archiveDir,PRIME1USDT,20260903,
spot,PROSUSDT,,archiveDir,PROSNEWUSDT,20260903,
spot,PUMPBTCUSDT,,archiveDir,PUMPNEWUSDT,20260903,
spot,PUMPUSDT,,archiveDir,PUMPFUNUSDT,20260903,
spot,REDUSDT,,archiveDir,REDNEWUSDT,20260903,
spot,RONINUSDT,,archiveDir,RONUSDT,20260903,
spot,SKRUSDT,,archiveDir,SKRNEWUSDT,20260903,
spot,SOONUSDT,,archiveDir,SOONNEWUSDT,20260903,
spot,SOPHUSDT,,archiveDir,SOPHNEWUSDT,20260903,
spot,SPACEUSDT,,archiveDir,SPACENEWUSDT,20260903,
spot,TAIKOUSDT,,archiveDir,TKOUSDT,20260903,
spot,UPUSDT,,archiveDir,UPNEWUSDT,20260903,
spot,UUSDC,,archiveDir,UNEWUSDC,20260903,
spot,UUSDT,,archiveDir,UNEWUSDT,20260903,
spot,VELOUSDT,,archiveDir,VELO1USDT,20260903,
spot,VERONAUSDT,,archiveDir,XIONUSDT,20260903,
spot,ZKUSDT,,archiveDir,ZKSYNCUSDT,20260903,
future,BTCUSDH26,,marginToken,DMCBL,202511,
future,BTCUSDM26,,marginToken,DMCBL,202512,
future,BTCUSDU26,,marginToken,DMCBL,202603,
future,BTCUSDZ25,,marginToken,DMCBL,202511,
future,ETHUSDH26,,marginToken,DMCBL,202511,
future,ETHUSDM26,,marginToken,DMCBL,202512,
future,ETHUSDU26,,marginToken,DMCBL,202603,
future,ETHUSDZ25,,marginToken,DMCBL,202511,
perp,1000BONKPERP,,marginToken,CMCBL,20250120,
perp,AAVEPERP,,marginToken,CMCBL,20250208,
perp,AAVEUSD,,marginToken,DMCBL,20250613,
perp,ACTUSDC,,marginToken,CMCBL,20250211,
perp,ADAPERP,,marginToken,CMCBL,20250207,
perp,ADAUSD,,marginToken,DMCBL,20240509,
perp,AEVOUSDC,,marginToken,CMCBL,20250206,
perp,ALGOUSDC,,marginToken,CMCBL,20250208,
perp,APTUSD,,marginToken,DMCBL,20250620,
perp,APTUSDC,,marginToken,CMCBL,20250207,
perp,ARBPERP,,marginToken,CMCBL,20250124,
perp,AVAXPERP,,marginToken,CMCBL,20250120,
perp,AVAXUSD,,marginToken,DMCBL,20220930,
perp,BCHPERP,,marginToken,CMCBL,20250120,
perp,BCHUSD,,marginToken,DMCBL,20210618,
perp,BERAUSDC,,marginToken,CMCBL,20250305,
perp,BGTESTMEUSDC,,marginToken,CMCBL,202509,
perp,BIOPERP,,marginToken,CMCBL,202508,
perp,BNBPERP,,marginToken,CMCBL,20250124,
perp,BOMEPERP,,marginToken,CMCBL,20250123,
perp,BTCPERP,,marginToken,CMCBL,20220720,
perp,BTCUSD,,marginToken,DMCBL,20210519,
perp,CATIUSDC,,marginToken,CMCBL,20250210,
perp,CRVPERP,,marginToken,CMCBL,20250205,
perp,DATAPERP,,marginToken,CMCBL,20250304,
perp,DOGEPERP,,marginToken,CMCBL,20250116,
perp,DOGEUSD,,marginToken,DMCBL,20230621,
perp,DOTPERP,,marginToken,CMCBL,20250206,
perp,DOTUSD,,marginToken,DMCBL,20230621,
perp,EIGENPERP,,marginToken,CMCBL,20250208,
perp,ENAPERP,,marginToken,CMCBL,20250118,
perp,ENSUSDC,,marginToken,CMCBL,20250211,
perp,EOSUSD,,marginToken,DMCBL,20210610,
perp,ETCPERP,,marginToken,CMCBL,20250126,
perp,ETCUSD,,marginToken,DMCBL,20250618,
perp,ETHFIPERP,,marginToken,CMCBL,20250205,
perp,ETHPERP,,marginToken,CMCBL,20220720,
perp,ETHUSD,,marginToken,DMCBL,20210528,
perp,FARTCOINPERP,,marginToken,CMCBL,20250305,
perp,FILPERP,,marginToken,CMCBL,20250126,
perp,FILUSD,,marginToken,DMCBL,20250617,
perp,GALAUSDC,,marginToken,CMCBL,20250211,
perp,GRAMPERP,,marginToken,CMCBL,20250124,
perp,HBARPERP,,marginToken,CMCBL,20250207,
perp,KAITOPERP,,marginToken,CMCBL,20250304,
perp,LINKPERP,,marginToken,CMCBL,20250120,
perp,LINKUSD,,marginToken,DMCBL,20210813,
perp,LTCPERP,,marginToken,CMCBL,20250126,
perp,LTCUSD,,marginToken,DMCBL,20210623,
perp,MANAUSD,,marginToken,DMCBL,20250616,
perp,MEUSDC,,marginToken,CMCBL,20250210,
perp,NEARPERP,,marginToken,CMCBL,20250118,
perp,NEARUSD,,marginToken,DMCBL,20250617,
perp,NEOPERP,,marginToken,CMCBL,20250205,
perp,NOTUSDC,,marginToken,CMCBL,20250123,
perp,ONDOPERP,,marginToken,CMCBL,20250121,
perp,OPPERP,,marginToken,CMCBL,20250124,
perp,OPUSD,,marginToken,DMCBL,20250613,
perp,ORDIPERP,,marginToken,CMCBL,20250123,
perp,PENGUPERP,,marginToken,CMCBL,20250723,
perp,PEPEPERP,,marginToken,CMCBL,20250116,
perp,PIUSDC,,marginToken,CMCBL,20250308,
perp,PNUTPERP,,marginToken,CMCBL,20250210,
perp,POLPERP,,marginToken,CMCBL,20250126,
perp,POPCATPERP,,marginToken,CMCBL,20250121,
perp,SHIBPERP,,marginToken,CMCBL,20250118,
perp,SOLPERP,,marginToken,CMCBL,20241127,
perp,SOLUSD,,marginToken,DMCBL,20240424,
perp,STRKPERP,,marginToken,CMCBL,20250205,
perp,STXUSDC,,marginToken,CMCBL,20250210,
perp,SUIPERP,,marginToken,CMCBL,20250121,
perp,SUIUSD,,marginToken,DMCBL,20250616,
perp,TIAPERP,,marginToken,CMCBL,20250123,
perp,TRUMPPERP,,marginToken,CMCBL,20250304,
perp,TRXPERP,,marginToken,CMCBL,20250207,
perp,TRXUSD,,marginToken,DMCBL,20230621,
perp,TSTBSCUSDC,,marginToken,CMCBL,20250305,
perp,UNIPERP,,marginToken,CMCBL,20250208,
perp,UNIUSD,,marginToken,DMCBL,20210804,
perp,VANAUSDC,,marginToken,CMCBL,20250211,
perp,WIFPERP,,marginToken,CMCBL,20250118,
perp,WIFUSD,,marginToken,DMCBL,20250613,
perp,WLDPERP,,marginToken,CMCBL,20250121,
perp,WLFIPERP,,marginToken,CMCBL,202509,
perp,XLMPERP,,marginToken,CMCBL,20250206,
perp,XLMUSD,,marginToken,DMCBL,20250618,
perp,XRPPERP,,marginToken,CMCBL,20241127,
perp,XRPUSD,,marginToken,DMCBL,20210604,
